"Row","Description","Part","References","Value","Footprint","Quantity Per PCB","Status","Datasheet","jlc-part-type","lcsc#"
"1","Unpolarized capacitor","C","C1","10u","C_0805_2012Metric_Pad1.18x1.45mm_HandSolder","1"," ","~","",""
"2","Light emitting diode","LED","D1","LED","LED_0805_2012Metric_Pad1.15x1.40mm_HandSolder","1"," ","~","",""
"3","Generic connector, single row, 01x04, script generated (kicad-library-utils/schlib/autogen/connector/)","Conn_01x04","J1","ssd1306 oled","oled_i2c_128x32_ssd1306","1"," ","~","",""
"4","Resistor","R","R1,R3,R5,R7,R9,R11,R13,R15,R17","330","R_0805_2012Metric","9"," ","~","B","C17414"
"5","Resistor","R","R2,R4,R6,R8,R10,R12,R14,R16","4k7","R_0805_2012Metric","8"," ","~","B","C17414"
"6","Push button switch, generic, two pins","SW_Push","SW1","USR_BTN","SW_SPST_PTS645","1"," ","~","",""
"7","Generic connectable mounting pin connector, single row, 01x03, script generated (kicad-library-utils/schlib/autogen/connector/)","Conn_01x03_MountingPin","T1,T2,T3,T4,T5,T6,T7,T8","xh3p","JST_XH_S3B-XH-SM4-TB_1x03-1MP_P2.50mm_Horizontal","8"," ","~","",""
"8","","esp32-c3-supermini","U1","esp32-c3-supermini","esp32-c3-supermini","1"," ","","",""
